,cluster,coherence_score
0,3,-6.88701368742623
1,4,-6.378086344539215
2,5,-7.47460062774133
3,6,-9.51432774984027
4,7,-11.081015596788543
5,8,-9.58385172912771
6,9,-11.44365576751363
7,10,-13.440247313676343
