,cluster,coherence_score
0,3,-11.051864291801515
1,4,-11.90073949428415
2,5,-12.000136612541208
3,6,-13.063309502430299
4,7,-14.431064571623775
5,8,-14.65828031522479
6,9,-15.819580249967279
7,10,-16.47305226230329
