,cluster,coherence_score
0,3,-11.808794004422849
1,4,-11.330711338534767
2,5,-12.494141096517783
3,6,-13.51144000360693
4,7,-13.379755664292267
5,8,-14.717328414485875
6,9,-14.859695720192946
7,10,-14.950116796827649
