,cluster,perplexity_score
0,3,-12.75843893463729
1,4,-13.19665687971615
2,5,-13.609204587433346
3,6,-14.01108249231011
4,7,-14.381681024096325
5,8,-14.744777516409426
6,9,-15.115629571518262
7,10,-15.429864696280159
