,cluster,perplexity_score
0,3,-12.411303543920488
1,4,-12.852908963924186
2,5,-13.267788516267846
3,6,-13.6922911081622
4,7,-14.073151734014491
5,8,-14.464688637552921
6,9,-14.797853780906781
7,10,-15.109475313112293
