,cluster,perplexity_score
0,3,-12.796962254861196
1,4,-13.229308135928814
2,5,-13.654872725898434
3,6,-14.04310434300255
4,7,-14.412339518632143
5,8,-14.764919704022011
6,9,-15.137508776467671
7,10,-15.465513557863984
