,cluster,coherence_score
0,3,-10.625054515021874
1,4,-12.255858803921582
2,5,-12.42730968387681
3,6,-13.811919949182295
4,7,-14.430693973175934
5,8,-14.040598882382458
6,9,-14.757890599670057
7,10,-15.14458547722567
