,cluster,perplexity_score
0,3,-10.823265473817706
1,4,-11.051809050776953
2,5,-11.310648428975306
3,6,-11.675096115086767
4,7,-12.253949927735235
5,8,-13.07441646476305
6,9,-14.04785685231997
7,10,-14.940208282253815
