,단어,tf-idf,idf
1070,달콤하다,135.54693353906322,4.482750730756839
2327,부드럽다,66.1082822229846,4.390774179796397
5305,포도,40.73458155891262,5.487630541762242
29,가볍다,33.03389933643941,4.282605659485503
1025,단맛,26.036618394874548,5.378068339250716
5306,포도주,24.972726368498034,6.234844943592463
