,단어,tf-idf,idf
6466,우유,139.60634080888406,5.906172243160997
1813,단맛,139.341277086478,5.024410218831307
5005,순하다,110.10938617287647,6.088493799954951
7970,진하다,101.58514585976923,5.78100910020699
7306,저렴하다,69.24396881792845,5.988237196215301
1872,달콤하다,58.00164316370537,5.716303480731659
