,단어,tf-idf,idf
1095,깔끔하다,340.81392446640336,4.472531761443907
4687,선물,270.80815194310156,3.5241040395981127
1838,달달,250.08750896710427,4.229925661054786
1836,달다,145.12100299727814,5.006996843506109
6471,우유,138.3162390612085,5.906172243160997
1814,단맛,137.85203893972283,5.024410218831307
5009,순하다,107.8524055482428,6.088493799954951
7975,진하다,99.83981622444307,5.78100910020699
7311,저렴하다,69.01678216568303,5.988237196215301
1875,달콤하다,57.5974979009839,5.716303480731659
