,단어,tf-idf,idf
3711,부드럽다,147.89231567959828,4.095119930974972
1496,누룩,20.334144905246106,7.197461939587221
