,단어,tf-idf,idf
3647,복숭아,284.178660464436,5.3160903116694795
3711,부드럽다,62.200831839102335,4.095119930974972
6183,은은하다,61.160926025236385,5.693384542810947
1668,단맛,10.839431211962768,6.785076388634483
8408,프로,10.429395266580013,8.265302569588577
