,단어,tf-idf,idf
453,계피,18.960056255515937,8.206462069565644
464,고급스럽다,15.745428157451313,5.107657610871839
2939,명주,15.162863938053697,7.557117511664091
3711,부드럽다,9.027649106087582,4.095119930974972
6085,위스키,5.611265806300474,6.982686637943528
5337,약주,5.235097353876923,8.02414051277169
5338,약초,4.6846526259021815,9.682368589375221
6845,점,4.248126297594162,6.886612807853906
