,단어,tf-idf,idf
3711,부드럽다,191.15327096578403,4.095119930974972
9015,희다,22.550366621533215,6.692905928834826
