,단어,tf-idf,idf
879,금가루,48.70210291832537,7.240021554006017
6964,젤리,29.977583229859775,7.791518217502936
878,금,23.31473423619933,7.379783496381176
6401,인삼,20.957537888812755,8.000610015361495
464,고급스럽다,14.450104264160489,5.107657610871839
3711,부드럽다,11.24149149777352,4.095119930974972
3330,반짝반짝,10.217963926208427,8.989221408815276
8819,홍삼,8.545780167819276,8.928596786998842
