,단어,tf-idf,idf
3647,복숭아,48.838378633004425,5.3160903116694795
6183,은은하다,14.152604717633618,5.693384542810947
3711,부드럽다,12.092611833228393,4.095119930974972
4819,시럽,4.261348139862296,8.670767677696741
597,과일,2.84630892105938,7.6346757460099655
4505,손님,2.5296182744930498,6.757863825109598
1711,달콤하다,2.4704226391182087,7.444322017518747
2490,리,2.3537621994592817,7.6186754046635246
