,단어,tf-idf,idf
464,고급스럽다,386.6972874822874,5.107657610871839
3711,부드럽다,163.89121125350096,4.095119930974972
6689,장인어른,61.79085671145655,7.088981296593151
