,단어,tf-idf,idf
3711,부드럽다,255.9142608869105,4.095119930974972
6183,은은하다,83.57620003529273,5.693384542810947
2781,매실,79.82241614335014,5.468390852208576
2391,레몬,52.203985502251065,6.785076388634483
1851,더락,49.82607907438246,6.530701514200471
2782,매실주,34.84119377497755,5.800804791431784
