,단어,tf-idf,idf
3711,부드럽다,123.1971845371352,4.095119930974972
1851,더락,17.980478034445852,6.530701514200471
