,단어,tf-idf,idf
3711,부드럽다,74.59274618399542,4.095119930974972
