,단어,tf-idf,idf
1539,부드럽다,66.15079059349648,3.526586645218892
1688,사케,15.161385646126444,5.576427717122438
20,가볍다,13.543216914028585,5.576427717122438
