,단어,tf-idf,idf
1539,부드럽다,29.23168173354147,3.526586645218892
2252,약주,8.582859283182826,5.933102661061169
1421,백세주,5.5903649755648965,7.031714949729279
