,단어,tf-idf,idf
1539,부드럽다,21.910287023282567,3.526586645218892
1688,사케,9.315561516029042,5.576427717122438
20,가볍다,4.6455553611545595,5.576427717122438
942,따뜻하다,4.117553086289277,6.780400521448374
