,cluster,coherence_score
0,3,-7.764965227418128
1,4,-10.166361954677951
2,5,-8.01777636374209
3,6,-8.444494396802742
4,7,-10.745524013502857
5,8,-11.139197395964995
6,9,-10.142813470532706
7,10,-11.725343925581548
