,cluster,perplexity_score
0,3,-13.551199932814136
1,4,-13.993133096968927
2,5,-14.431737812283872
3,6,-14.971009016474586
4,7,-15.628408634232752
5,8,-16.14054526921772
6,9,-16.778885053945277
7,10,-17.370814860533134
